{
  "Sq. Kilometers": 14.9,
  "Sq. Meters": 14900000.0,
  "Sq. Feet": 160384110.0,
  "Acres": 3681.15,
  "Sq. Miles": 5.75,
  "title": "Phường Thới An (mới)",
  "city": "Thành phố Hồ Chí Minh",
  "area": "14.9",
  "population": "125.657",
  "population_density": 8.433,
  "color": [255, 105, 180, 0.4],
  "rings": [
    [106.64983668455847, 10.86156145931011],
    [106.64980272038349, 10.862379041339281],
    [106.64976032851717, 10.863143227753952],
    [106.64971593412577, 10.863203456705264],
    [106.64965499735916, 10.864179185164758],
    [106.64961260637557, 10.865074251374068],
    [106.6494964033825, 10.867226216629405],
    [106.6494684687741, 10.867999054334817],
    [106.64940903946791, 10.869299707440831],
    [106.64934022626869, 10.870538240506491],
    [106.64932025170117, 10.8707790749459],
    [106.64920764820528, 10.873068586110321],
    [106.64915277021294, 10.874206186700604],
    [106.64908998674184, 10.876112384964756],
    [106.64900240676081, 10.877402409360883],
    [106.64896487223444, 10.878201143805725],
    [106.64889605915869, 10.879557369139619],
    [106.6488307494094, 10.88079486322944],
    [106.64864933290374, 10.881903716270443],
    [106.64848355565618, 10.883040795649421],
    [106.64822081539126, 10.88447830194815],
    [106.6479956086211, 10.885648573382454],
    [106.64771451623204, 10.88711075905536],
    [106.64733973528723, 10.889054748882728],
    [106.64716144677732, 10.890015544300397],
    [106.64710425904536, 10.890811066570706],
    [106.64707610818073, 10.891370085920158],
    [106.64706013215192, 10.892359012555048],
    [106.64696629601059, 10.893464910378142],
    [106.6469355826481, 10.894130434815366],
    [106.64690117581847, 10.89488841100274],
    [106.64753783008513, 10.895005776786903],
    [106.64858253994089, 10.895045706212784],
    [106.64939784400048, 10.895388359481103],
    [106.64977631673224, 10.895391430971415],
    [106.65031118315602, 10.895271642816809],
    [106.65127912235414, 10.894973373812434],
    [106.65189844137188, 10.894890443440474],
    [106.65221435662721, 10.89493958736682],
    [106.65245520175569, 10.894491150366349],
    [106.65251150348342, 10.894177857221564],
    [106.65253119254947, 10.894022517328224],
    [106.65242797271395, 10.893297641350486],
    [106.65251528192687, 10.892950951503366],
    [106.65308494589397, 10.892176033636758],
    [106.65311826790827, 10.892110850204872],
    [106.65308698917079, 10.891739195525702],
    [106.65332783545523, 10.891647049665494],
    [106.65410042028907, 10.891954202421232],
    [106.65427511255774, 10.89203291105909],
    [106.65478495598973, 10.892094341556145],
    [106.65511996388943, 10.8920666984273],
    [106.65603955879374, 10.892082056051422],
    [106.65616780161952, 10.892118914344607],
    [106.65633578668434, 10.892156219522704],
    [106.65713965025725, 10.892408084375276],
    [106.65730855544365, 10.892432656545125],
    [106.65806552342065, 10.892367894216534],
    [106.65876260231505, 10.892503737517885],
    [106.65974788256864, 10.892598954632135],
    [106.66015763403948, 10.89259588311225],
    [106.66056830301466, 10.892590885234995],
    [106.66079663780317, 10.892630814984727],
    [106.66236086621069, 10.892951252980808],
    [106.66266075007388, 10.892984509458941],
    [106.6634020561686, 10.892984509458941],
    [106.66350527600576, 10.892978366428636],
    [106.66489308051786, 10.89250762981267],
    [106.66542427757884, 10.892140778792964],
    [106.66585592416556, 10.891974916447921],
    [106.66657547424154, 10.891845580400172],
    [106.6674168722991, 10.891658217188265],
    [106.6681596477926, 10.891311109273047],
    [106.66890636142273, 10.890889763098087],
    [106.66894703836533, 10.891440993932278],
    [106.66929111662711, 10.892412900089994],
    [106.66950852076457, 10.893895734245675],
    [106.66967614089793, 10.89418004175063],
    [106.6703215235342, 10.896214545681758],
    [106.67040534531128, 10.896507478973888],
    [106.67047080829417, 10.896854605355713],
    [106.67057062608671, 10.897674836917943],
    [106.67066496508266, 10.898610470198534],
    [106.67068997589973, 10.899609294374017],
    [106.67067330130942, 10.901107522998274],
    [106.6721198554801, 10.901643773539163],
    [106.67346646127902, 10.90176403358926],
    [106.67665536962608, 10.902710595752168],
    [106.6772367718848, 10.903070923414404],
    [106.67843737015988, 10.903308345870357],
    [106.67970220527752, 10.90361816991944],
    [106.68025539272054, 10.901998112163568],
    [106.68149768143468, 10.898522722394887],
    [106.68152686446774, 10.898434759902585],
    [106.68487853464978, 10.899617795243742],
    [106.68603215447206, 10.900172248963003],
    [106.68803096178164, 10.901255797034295],
    [106.68839148861457, 10.900740856995526],
    [106.68858158458056, 10.90009718069345],
    [106.68880362066767, 10.898919286423904],
    [106.68908228643687, 10.897614331600593],
    [106.68907661904609, 10.896879413871957],
    [106.6891021408988, 10.896325272033707],
    [106.68881006123121, 10.895517687763316],
    [106.68862573674335, 10.895074929276575],
    [106.6880283689726, 10.893642291174018],
    [106.68767062639091, 10.893078492728264],
    [106.68700071944494, 10.892229009892787],
    [106.68649130992856, 10.89153031211265],
    [106.68615952585225, 10.891020715273513],
    [106.68569209015476, 10.890249393295619],
    [106.68519999949541, 10.889102688842797],
    [106.68499309533905, 10.888316768226787],
    [106.68411479655498, 10.887259310830842],
    [106.68352555076325, 10.88666218701617],
    [106.68246252262111, 10.88596213728458],
    [106.6819027097265, 10.885568432340662],
    [106.6806189330847, 10.883612780721165],
    [106.67972168333307, 10.882142071293018],
    [106.67865987359568, 10.87968228637692],
    [106.67714054211962, 10.876284717296585],
    [106.6769292648093, 10.875719764100651],
    [106.67680295719373, 10.875158225787501],
    [106.67682185293279, 10.873193646217388],
    [106.67689120186475, 10.871306823270402],
    [106.67695962771376, 10.870685143247073],
    [106.67706329307987, 10.870201268967605],
    [106.67728802464353, 10.869528855756371],
    [106.67774324384328, 10.868800587767467],
    [106.67825082150335, 10.86819316243033],
    [106.67878693690295, 10.867661536362945],
    [106.67865136838265, 10.867284732844041],
    [106.67857503931174, 10.866813839100175],
    [106.67848551291212, 10.86630640878333],
    [106.67838943325427, 10.866084576644738],
    [106.67820014886524, 10.865531928373414],
    [106.67799939889272, 10.864885558115105],
    [106.67772012393095, 10.863980999976263],
    [106.67731086170988, 10.862618858587226],
    [106.67716994779806, 10.86176427785837],
    [106.67699258403013, 10.861284993790889],
    [106.67701304720805, 10.86088808557345],
    [106.67703459418169, 10.860428883939576],
    [106.67688542903448, 10.859868604340221],
    [106.67669614464546, 10.859531984416464],
    [106.67628695236601, 10.858398561404357],
    [106.67627717941502, 10.857979000075574],
    [106.67637785279373, 10.857378128780311],
    [106.67655690537697, 10.85678277116051],
    [106.67658760014308, 10.856383344843579],
    [106.67655690649565, 10.85557193779853],
    [106.67650574855162, 10.855275507054614],
    [106.67633688783422, 10.854542580643013],
    [106.67622945615369, 10.854316488645381],
    [106.67578756413536, 10.853424311978358],
    [106.67576198516497, 10.8533816055658],
    [106.67549596385987, 10.853612722550906],
    [106.67525010264637, 10.854202244544581],
    [106.67507616563961, 10.854659452805052],
    [106.67496361820275, 10.855193828007415],
    [106.67495594451162, 10.855620889271634],
    [106.67509438116167, 10.856142069983008],
    [106.6751020548528, 10.856657053915754],
    [106.67493738454328, 10.857499511749154],
    [106.6747839109861, 10.857821062236454],
    [106.6745097061011, 10.85811336424257],
    [106.67416915307808, 10.858508109943543],
    [106.67399777396832, 10.858887436653617],
