{
  "Sq. Kilometers": 14.9,
  "Sq. Meters": 14900000.0,
  "Sq. Feet": 160384110.0,
  "Acres": 3681.15,
  "Sq. Miles": 5.75,
  "title": "Phường Thới An (mới)",
  "city": "Thành phố Hồ Chí Minh",
  "area": "14.9",
  "population": "125.657",
  "population_density": 8.433,
  "color": [255, 105, 180, 0.4],
  "rings": [
    [106.65091153039151, 10.85982817667383],
    [106.65021066657022, 10.860531560460572],
    [106.64989664771173, 10.8610521493423],
    [106.64983668455847, 10.86156145931011],
    [106.64980272038349, 10.862379041339281],
    [106.64976032851717, 10.863143227753952],
    [106.64971593412577, 10.863203456705264],
    [106.64965499735916, 10.864179185164758],
    [106.64961260637557, 10.865074251374068],
    [106.6494964033825, 10.867226216629405],
    [106.6494684687741, 10.867999054334817],
    [106.64940903946791, 10.869299707440831],
    [106.64934022626869, 10.870538240506491],
    [106.64932025170117, 10.8707790749459],
    [106.64920764820528, 10.873068586110321],
    [106.64915277021294, 10.874206186700604],
    [106.64908998674184, 10.876112384964756],
    [106.64900240676081, 10.877402409360883],
    [106.64896487223444, 10.878201143805725],
    [106.64889605915869, 10.879557369139619],
    [106.6488307494094, 10.88079486322944],
    [106.64864933290374, 10.881903716270443],
    [106.64848355565618, 10.883040795649421],
    [106.64822081539126, 10.88447830194815],
    [106.6479956086211, 10.885648573382454],
    [106.64771451623204, 10.88711075905536],
    [106.64733973528723, 10.889054748882728],
    [106.64716144677732, 10.890015544300397],
    [106.64710425904536, 10.890811066570706],
    [106.64707610818073, 10.891370085920158],
    [106.64706013215192, 10.892359012555048],
    [106.64696629601059, 10.893464910378142],
    [106.6469355826481, 10.894130434815366],
    [106.64690117581847, 10.89488841100274],

    [106.64753783008513, 10.895005776786903],
    [106.64858253994089, 10.895045706212784],
    [106.64939784400048, 10.895388359481103],
    [106.64977631673224, 10.895391430971415],
    [106.65031118315602, 10.895271642816809],
    [106.65127912235414, 10.894973373812434],
    [106.65189844137188, 10.894890443440474],
    [106.65221435662721, 10.89493958736682],
    [106.65245520175569, 10.894491150366349],
    [106.65251150348342, 10.894177857221564],
    [106.65253119254947, 10.894022517328224],
    [106.65242797271395, 10.893297641350486],
    [106.65251528192687, 10.892950951503366],
    [106.65308494589397, 10.892176033636758],
    [106.65311826790827, 10.892110850204872],
    [106.65308698917079, 10.891739195525702],
    [106.65332783545523, 10.891647049665494],
    [106.65410042028907, 10.891954202421232],
    [106.65427511255774, 10.89203291105909],
    [106.65478495598973, 10.892094341556145],
    [106.65511996388943, 10.8920666984273],
    [106.65603955879374, 10.892082056051422],
    [106.65616780161952, 10.892118914344607],
    [106.65633578668434, 10.892156219522704],
    [106.65713965025725, 10.892408084375276],
    [106.65730855544365, 10.892432656545125],
    [106.65806552342065, 10.892367894216534],
    [106.65876260231505, 10.892503737517885],
    [106.65974788256864, 10.892598954632135],
    [106.66015763403948, 10.89259588311225],
    [106.66056830301466, 10.892590885234995],
    [106.66079663780317, 10.892630814984727],
    [106.66236086621069, 10.892951252980808],
    [106.66266075007388, 10.892984509458941],
    [106.6634020561686, 10.892984509458941],
    [106.66350527600576, 10.892978366428636],
    [106.66489308051786, 10.89250762981267],
    [106.66542427757884, 10.892140778792964],
    [106.66585592416556, 10.891974916447921],
    [106.66657547424154, 10.891845580400172],
    [106.6674168722991, 10.891658217188265],
    [106.6681596477926, 10.891311109273047],
    [106.66890636142273, 10.890889763098087],
    [106.66894703836533, 10.891440993932278],
    [106.66929111662711, 10.892412900089994],
    [106.66950852076457, 10.893895734245675],
    [106.66967614089793, 10.89418004175063],
    [106.6703215235342, 10.896214545681758],
    [106.67040534531128, 10.896507478973888],
    [106.67047080829417, 10.896854605355713],
    [106.67057062608671, 10.897674836917943],
    [106.67066496508266, 10.898610470198534],
    [106.67068997589973, 10.899609294374017],
    [106.67067330130942, 10.901107522998274],
    [106.6721198554801, 10.901643773539163],
    [106.67346646127902, 10.90176403358926],
    [106.67665536962608, 10.902710595752168],
    [106.6772367718848, 10.903070923414404],
    [106.67843737015988, 10.903308345870357],
    [106.67970220527752, 10.90361816991944],
    [106.68025539272054, 10.901998112163568],
    [106.68149768143468, 10.898522722394887],
    [106.68152686446774, 10.898434759902585],
    [106.68487853464978, 10.899617795243742],
    [106.68603215447206, 10.900172248963003],

    [106.68802842634386, 10.901147638751567],
    [106.6881292921264, 10.90097706008143],
    [106.6883534383062, 10.900707435532595],
    [106.68842628581626, 10.900498338776245],
    [106.68854869978492, 10.900039515440056],
    [106.68867198018421, 10.899417725888313],
    [106.68878965692983, 10.89869138600622],
    [106.68884181533463, 10.898595207225384],
    [106.68902711028585, 10.897562170875943],
    [106.68906633586766, 10.89733106148256],
    [106.68903831759519, 10.897215506718041],
    [106.68904392114797, 10.896665245358037],
    [106.68906633231171, 10.896335087582642],
    [106.68891744723288, 10.8958720959089],
    [106.68840311652303, 10.894633924396771],
    [106.68793036058696, 10.893562377597277],
    [106.68767724923867, 10.89317828151789],
    [106.68695444941534, 10.892269496566215],
    [106.6864139079986, 10.891508421186288],
    [106.68606648141753, 10.890974657414802],
    [106.68577509138333, 10.8905069254875],
    [106.68561387104961, 10.890174322246807],
    [106.68535293355103, 10.889603276327875],
    [106.68519637105112, 10.889273826259767],
    [106.68514418355119, 10.88906883492318],
    [106.68504353805872, 10.88861492372719],
    [106.68495780145145, 10.888336720549603],
    [106.68487952020143, 10.888226903433278],
    [106.68462315518838, 10.887909931369151],
    [106.68395055489924, 10.887135733482694],
    [106.68354070978103, 10.886730484933253],
    [106.68326623273379, 10.886528924726619],
    [106.68187860043497, 10.885605032466557],
    [106.68163002104546, 10.885252777622014],
    [106.68088360978425, 10.884086492233877],
    [106.68039043648622, 10.883323394284105],
    [106.67998383125865, 10.882661453647785],
    [106.67965344183045, 10.882092897192294],
    [106.67948879186594, 10.881681130235634],
    [106.67901967877691, 10.880647833121913],
    [106.67825581340958, 10.878910301775292],
    [106.67739134600038, 10.876997348280113],
    [106.67700407033777, 10.87608039287008],
    [106.67694393206966, 10.875948380753869],
    [106.67688025625677, 10.875677408333274],
    [106.67675155600443, 10.875028097234875],
    [106.67675921522329, 10.874320720234351],
    [106.67678146681334, 10.87316804531325],
    [106.67680269330555, 10.872358593174084],
    [106.67684160705852, 10.871504606718872],
    [106.67690174532663, 10.870695150670798],
    [106.676930045689, 10.870583980570288],
    [106.67702202123434, 10.870163618956212],
    [106.67727613118382, 10.869470847664275],
    [106.67752737945835, 10.869015747782555],
    [106.67789029363189, 10.868522265198564],
    [106.67882828633071, 10.867535298683336],
    [106.6787400064241, 10.86742321022382],
    [106.67866344506615, 10.867148993901282],
    [106.67862966799663, 10.867056114122505],
    [106.67860940175461, 10.866863720202417],
    [106.67861308394185, 10.86668162614157],
    [106.67850143251565, 10.866247449303714],
    [106.67835172803831, 10.865861592467795],
    [106.6781546163815, 10.865367990201207],
    [106.67808938936128, 10.86484417798188],
    [106.67801282800338, 10.86444832995167],
    [106.67795137054298, 10.86429509047315],
    [106.67778924060826, 10.863914721843926],
